date,close
2013-04-28,1.11
2013-04-29,1.33
2013-04-30,1.5
2013-05-01,1.21
2013-05-02,1.07
2013-05-03,0.915918
2013-05-04,1.06
2013-05-05,1.15
2013-05-06,0.982625
2013-05-07,0.957785
2013-05-08,0.946001
2013-05-09,0.938541
2013-05-10,0.9868239999999999
2013-05-11,0.8332069999999999
2013-05-12,0.8464
2013-05-13,0.894287
2013-05-14,0.801685
2013-05-15,0.7835489999999999
2013-05-16,0.799255
2013-05-17,0.7983680000000001
2013-05-18,0.8138529999999999
2013-05-19,0.85759
2013-05-20,0.8698600000000001
2013-05-21,0.867533
2013-05-22,0.888284
2013-05-23,0.9287110000000001
2013-05-24,0.973692
2013-05-25,0.951576
2013-05-26,0.930356
2013-05-27,0.888753
2013-05-28,0.89784
2013-05-29,0.8506889999999999
2013-05-30,0.757338
2013-05-31,0.74433
2013-06-01,0.7499399999999999
2013-06-02,0.709295
2013-06-03,0.727222
2013-06-04,0.720021
2013-06-05,0.697055
2013-06-06,0.6667
2013-06-07,0.6310899999999999
2013-06-08,0.6151439999999999
2013-06-09,0.5760000000000001
2013-06-10,0.5955600000000001
2013-06-11,0.5749920000000001
2013-06-12,0.54832
2013-06-13,0.5096
2013-06-14,0.469901
2013-06-15,0.404952
2013-06-16,0.39505500000000005
2013-06-17,0.39663000000000004
2013-06-18,0.40812
2013-06-19,0.591047
2013-06-20,0.561765
2013-06-21,0.533265
2013-06-22,0.565326
2013-06-23,0.5627479999999999
2013-06-24,0.5784100000000001
2013-06-25,0.592515
2013-06-26,0.5876
2013-06-27,0.5660189999999999
2013-06-28,0.510159
2013-06-29,0.5082180000000001
2013-06-30,0.5014270000000001
2013-07-01,0.46666499999999994
2013-07-02,0.473204
2013-07-03,0.423314
2013-07-04,0.461413
2013-07-05,0.438643
2013-07-06,0.465236
2013-07-07,0.436928
2013-07-08,0.444558
2013-07-09,0.44866000000000006
2013-07-10,0.472842
2013-07-11,0.5071859999999999
2013-07-12,0.5297470000000001
2013-07-13,0.553475
2013-07-14,0.539741
2013-07-15,0.5539930000000001
2013-07-16,0.560342
2013-07-17,0.564405
2013-07-18,0.505436
2013-07-19,0.518917
2013-07-20,0.49700900000000003
2013-07-21,0.488274
2013-07-22,0.53317
2013-07-23,0.5775939999999999
2013-07-24,0.5774560000000001
2013-07-25,0.61047
2013-07-26,0.591484
2013-07-27,0.605166
2013-07-28,0.613499
2013-07-29,0.628452
2013-07-30,0.64362
2013-07-31,0.622749
2013-08-01,0.6084
2013-08-02,0.618646
2013-08-03,0.61987
2013-08-04,0.6213989999999999
2013-08-05,0.608641
2013-08-06,0.81413
2013-08-07,0.73451
2013-08-08,0.69113
2013-08-09,0.696984
2013-08-10,0.64581
2013-08-11,0.67305
2013-08-12,0.7624449999999999
2013-08-13,0.763
2013-08-14,0.713643
2013-08-15,0.639042
2013-08-16,0.639798
2013-08-17,0.6707850000000001
2013-08-18,0.6809999999999999
2013-08-19,0.69496
2013-08-20,0.681172
2013-08-21,0.625131
2013-08-22,0.606961
2013-08-23,0.61265
2013-08-24,0.617032
2013-08-25,0.614218
2013-08-26,0.600278
2013-08-27,0.588225
2013-08-28,0.573862
2013-08-29,0.574009
2013-08-30,0.5913609999999999
2013-08-31,0.586065
2013-09-01,0.568577
2013-09-02,0.559702
2013-09-03,0.568963
2013-09-04,0.574132
2013-09-05,0.590428
2013-09-06,0.57192
2013-09-07,0.583505
2013-09-08,0.5864010000000001
2013-09-09,0.588519
2013-09-10,0.596813
2013-09-11,0.631617
2013-09-12,0.612398
2013-09-13,0.615509
2013-09-14,0.587951
2013-09-15,0.593184
2013-09-16,0.575616
2013-09-17,0.576671
2013-09-18,0.562692
2013-09-19,0.567867
2013-09-20,0.562787
2013-09-21,0.568338
2013-09-22,0.568128
2013-09-23,0.5504020000000001
2013-09-24,0.5586270000000001
2013-09-25,0.5436529999999999
2013-09-26,0.544331
2013-09-27,0.564552
2013-09-28,0.5108159999999999
2013-09-29,0.513652
2013-09-30,0.5413100000000001
2013-10-01,0.5498689999999999
2013-10-02,0.472498
2013-10-03,0.493284
2013-10-04,0.530231
2013-10-05,0.5579069999999999
2013-10-06,0.5676
2013-10-07,0.57123
2013-10-08,0.55188
2013-10-09,0.5658880000000001
2013-10-10,0.557619
2013-10-11,0.595595
2013-10-12,0.6137630000000001
2013-10-13,0.609153
2013-10-14,0.577537
2013-10-15,0.48074399999999995
2013-10-16,0.477542
2013-10-17,0.470925
2013-10-18,0.477238
2013-10-19,0.46381000000000006
2013-10-20,0.471447
2013-10-21,0.45188100000000003
2013-10-22,0.422397
2013-10-23,0.46542700000000004
2013-10-24,0.46782299999999993
2013-10-25,0.44432200000000005
2013-10-26,0.43620699999999996
2013-10-27,0.453776
2013-10-28,0.450709
2013-10-29,0.457834
2013-10-30,0.45861999999999997
2013-10-31,0.45492
2013-11-01,0.48658500000000005
2013-11-02,0.529985
2013-11-03,0.582785
2013-11-04,0.57275
2013-11-05,0.5468850000000001
2013-11-06,0.588
2013-11-07,0.6224609999999999
2013-11-08,0.7100310000000001
2013-11-09,0.6680470000000001
2013-11-10,0.6369090000000001
2013-11-11,0.6232409999999999
2013-11-12,0.5765279999999999
2013-11-13,0.615129
2013-11-14,0.617694
2013-11-15,0.618566
2013-11-16,0.655928
2013-11-17,0.6254770000000001
2013-11-18,1.1
2013-11-19,0.92953
2013-11-20,0.9748690000000001
2013-11-21,2.12
2013-11-22,2.7
2013-11-23,2.74
2013-11-24,2.71
2013-11-25,3.64
2013-11-26,6.81
2013-11-27,7.52
2013-11-28,11.6
2013-11-29,10.91
2013-11-30,10.05
2013-12-01,8.42
2013-12-02,8.3
2013-12-03,8.68
2013-12-04,10.72
2013-12-05,8.94
2013-12-06,6.63
2013-12-07,5.3
2013-12-08,6.29
2013-12-09,7.32
2013-12-10,7.74
2013-12-11,6.7
2013-12-12,6.5
2013-12-13,6.2
2013-12-14,5.91
2013-12-15,5.86
2013-12-16,4.55
2013-12-17,4.12
2013-12-18,3.0
2013-12-19,4.85
2013-12-20,4.19
2013-12-21,4.04
2013-12-22,4.04
2013-12-23,4.24
2013-12-24,4.13
2013-12-25,4.63
2013-12-26,5.33
2013-12-27,4.84
2013-12-28,4.81
2013-12-29,5.01
2013-12-30,5.12
2013-12-31,5.1
2014-01-01,5.63
2014-01-02,7.74
2014-01-03,7.35
2014-01-04,7.74
2014-01-05,7.84
2014-01-06,7.94
2014-01-07,5.92
2014-01-08,6.47
2014-01-09,6.55
2014-01-10,6.77
2014-01-11,6.89
2014-01-12,6.53
2014-01-13,6.38
2014-01-14,6.27
2014-01-15,6.4
2014-01-16,6.18
2014-01-17,5.91
2014-01-18,6.12
2014-01-19,6.4
2014-01-20,6.28
2014-01-21,6.11
2014-01-22,5.77
2014-01-23,5.35
2014-01-24,4.97
2014-01-25,5.92
2014-01-26,6.15
2014-01-27,5.04
2014-01-28,5.24
2014-01-29,5.26
2014-01-30,5.26
2014-01-31,5.73
2014-02-01,5.63
2014-02-02,5.46
2014-02-03,5.33
2014-02-04,5.24
2014-02-05,5.07
2014-02-06,4.9
2014-02-07,4.36
2014-02-08,4.26
2014-02-09,4.28
2014-02-10,4.14
2014-02-11,4.2
2014-02-12,4.03
2014-02-13,3.57
2014-02-14,3.88
2014-02-15,3.92
2014-02-16,3.69
2014-02-17,3.74
2014-02-18,3.77
2014-02-19,3.76
2014-02-20,3.26
2014-02-21,3.28
2014-02-22,3.49
2014-02-23,3.6
2014-02-24,3.28
2014-02-25,3.23
2014-02-26,3.45
2014-02-27,3.41
2014-02-28,3.27
2014-03-01,3.38
2014-03-02,3.29
2014-03-03,3.61
2014-03-04,3.83
2014-03-05,3.68
2014-03-06,3.66
2014-03-07,3.44
2014-03-08,3.35
2014-03-09,3.42
2014-03-10,3.4
2014-03-11,3.39
2014-03-12,3.43
2014-03-13,3.39
2014-03-14,3.35
2014-03-15,3.37
2014-03-16,3.34
2014-03-17,3.24
2014-03-18,3.16
2014-03-19,3.05
2014-03-20,2.88
2014-03-21,2.76
2014-03-22,2.74
2014-03-23,2.9
2014-03-24,3.36
2014-03-25,2.82
2014-03-26,2.78
2014-03-27,2.24
2014-03-28,2.39
2014-03-29,2.41
2014-03-30,2.29
2014-03-31,2.26
2014-04-01,2.35
2014-04-02,1.94
2014-04-03,1.97
2014-04-04,1.92
2014-04-05,1.97
2014-04-06,1.96
2014-04-07,1.9
2014-04-08,1.9
2014-04-09,1.83
2014-04-10,1.39
2014-04-11,1.72
2014-04-12,1.76
2014-04-13,1.64
2014-04-14,1.98
2014-04-15,3.2
2014-04-16,2.9
2014-04-17,2.71
2014-04-18,2.5
2014-04-19,2.68
2014-04-20,2.6
2014-04-21,2.57
2014-04-22,2.39
2014-04-23,2.46
2014-04-24,2.49
2014-04-25,2.23
2014-04-26,2.22
2014-04-27,1.99
2014-04-28,2.03
2014-04-29,2.11
2014-04-30,2.15
2014-05-01,2.24
2014-05-02,2.11
2014-05-03,2.06
2014-05-04,2.1
2014-05-05,2.03
2014-05-06,2.02
2014-05-07,2.05
2014-05-08,2.0
2014-05-09,2.08
2014-05-10,2.09
2014-05-11,2.05
2014-05-12,2.04
2014-05-13,2.03
2014-05-14,2.05
2014-05-15,2.05
2014-05-16,2.04
2014-05-17,2.02
2014-05-18,1.98
2014-05-19,1.98
2014-05-20,2.16
2014-05-21,2.16
2014-05-22,2.35
2014-05-23,2.47
2014-05-24,2.51
2014-05-25,2.69
2014-05-26,2.65
2014-05-27,2.52
2014-05-28,2.45
2014-05-29,2.34
2014-05-30,2.54
2014-05-31,2.36
2014-06-01,2.28
2014-06-02,2.32
2014-06-03,2.33
2014-06-04,2.22
2014-06-05,2.02
2014-06-06,1.95
2014-06-07,1.98
2014-06-08,2.08
2014-06-09,2.01
2014-06-10,1.99
2014-06-11,1.93
2014-06-12,1.85
2014-06-13,1.87
2014-06-14,1.83
2014-06-15,1.84
2014-06-16,1.81
2014-06-17,1.85
2014-06-18,1.81
2014-06-19,1.79
2014-06-20,1.73
2014-06-21,1.75
2014-06-22,1.9
2014-06-23,1.74
2014-06-24,1.73
2014-06-25,1.69
2014-06-26,1.68
2014-06-27,1.75
2014-06-28,1.69
2014-06-29,1.67
2014-06-30,1.68
2014-07-01,1.78
2014-07-02,1.8
2014-07-03,1.93
2014-07-04,1.82
2014-07-05,1.79
2014-07-06,1.8
2014-07-07,1.74
2014-07-08,1.73
2014-07-09,1.85
2014-07-10,1.81
2014-07-11,1.82
2014-07-12,1.9
2014-07-13,1.88
2014-07-14,1.84
2014-07-15,1.78
2014-07-16,1.76
2014-07-17,1.79
2014-07-18,1.79
2014-07-19,1.8
2014-07-20,1.76
2014-07-21,1.76
2014-07-22,1.76
2014-07-23,1.72
2014-07-24,1.62
2014-07-25,1.63
2014-07-26,1.6
2014-07-27,1.58
2014-07-28,1.6
2014-07-29,1.58
2014-07-30,1.53
2014-07-31,1.56
2014-08-01,1.59
2014-08-02,1.56
2014-08-03,1.52
2014-08-04,1.61
2014-08-05,1.56
2014-08-06,1.54
2014-08-07,1.52
2014-08-08,1.51
2014-08-09,1.47
2014-08-10,1.43
2014-08-11,1.36
2014-08-12,1.21
2014-08-13,1.09
2014-08-14,1.09
2014-08-15,1.05
2014-08-16,1.08
2014-08-17,0.985671
2014-08-18,0.864617
2014-08-19,1.09
2014-08-20,1.22
2014-08-21,1.19
2014-08-22,1.17
2014-08-23,1.09
2014-08-24,1.13
2014-08-25,1.14
2014-08-26,1.2
2014-08-27,1.21
2014-08-28,1.18
2014-08-29,1.18
2014-08-30,1.14
2014-08-31,1.07
2014-09-01,1.01
2014-09-02,1.01
2014-09-03,1.02
2014-09-04,1.06
2014-09-05,1.05
2014-09-06,1.03
2014-09-07,1.03
2014-09-08,1.0
2014-09-09,1.02
2014-09-10,1.04
2014-09-11,1.04
2014-09-12,1.02
2014-09-13,1.04
2014-09-14,1.05
2014-09-15,1.02
2014-09-16,1.12
2014-09-17,1.26
2014-09-18,1.23
2014-09-19,1.1
2014-09-20,1.19
2014-09-21,1.11
2014-09-22,1.09
2014-09-23,1.17
2014-09-24,1.12
2014-09-25,1.08
2014-09-26,1.18
2014-09-27,1.21
2014-09-28,1.09
2014-09-29,1.08
2014-09-30,1.1
2014-10-01,1.06
2014-10-02,1.03
2014-10-03,0.9583010000000001
2014-10-04,0.8763629999999999
2014-10-05,0.87655
2014-10-06,0.9727129999999999
2014-10-07,0.966888
2014-10-08,0.999656
2014-10-09,1.07
2014-10-10,1.04
2014-10-11,1.04
2014-10-12,1.08
2014-10-13,1.07
2014-10-14,1.09
2014-10-15,1.05
2014-10-16,1.02
2014-10-17,1.03
2014-10-18,1.05
2014-10-19,1.05
2014-10-20,1.02
2014-10-21,1.02
2014-10-22,0.961251
2014-10-23,0.933416
2014-10-24,0.9352870000000001
2014-10-25,0.90322
2014-10-26,0.91569
2014-10-27,0.930256
2014-10-28,0.932894
2014-10-29,0.8842459999999999
2014-10-30,0.9046049999999999
2014-10-31,0.896075
2014-11-01,0.8498879999999999
2014-11-02,0.8646870000000001
2014-11-03,0.856193
2014-11-04,0.857666
2014-11-05,0.880758
2014-11-06,0.896733
2014-11-07,0.8643139999999999
2014-11-08,0.8723270000000001
2014-11-09,0.906243
2014-11-10,0.9087700000000001
2014-11-11,0.898299
2014-11-12,1.03
2014-11-13,0.9803959999999999
2014-11-14,0.9665799999999999
2014-11-15,0.9292299999999999
2014-11-16,0.959779
2014-11-17,0.9419870000000001
2014-11-18,0.9270799999999999
2014-11-19,0.9306049999999999
2014-11-20,0.8871680000000001
2014-11-21,0.864274
2014-11-22,0.8592139999999999
2014-11-23,0.882711
2014-11-24,0.924793
2014-11-25,0.911392
2014-11-26,0.875603
2014-11-27,0.889229
2014-11-28,0.8893700000000001
2014-11-29,0.8902479999999999
2014-11-30,0.9109430000000001
2014-12-01,0.9086879999999999
2014-12-02,0.909327
2014-12-03,0.900626
2014-12-04,0.8793489999999999
2014-12-05,0.896642
2014-12-06,0.9005540000000001
2014-12-07,0.89636
2014-12-08,0.872289
2014-12-09,0.8595139999999999
2014-12-10,0.864392
2014-12-11,0.867074
2014-12-12,0.864827
2014-12-13,0.866849
2014-12-14,0.8718370000000001
2014-12-15,0.941628
2014-12-16,0.890775
2014-12-17,0.812322
2014-12-18,0.8112010000000001
2014-12-19,0.782342
2014-12-20,0.846253
2014-12-21,0.796438
2014-12-22,0.7918149999999999
2014-12-23,0.752816
2014-12-24,0.7388020000000001
2014-12-25,0.7190449999999999
2014-12-26,0.7492340000000001
2014-12-27,0.716962
2014-12-28,0.7220449999999999
2014-12-29,0.711205
2014-12-30,0.701192
2014-12-31,0.7155739999999999
2015-01-01,0.7036140000000001
2015-01-02,0.7256229999999999
2015-01-03,0.5926279999999999
2015-01-04,0.5717220000000001
2015-01-05,0.588853
2015-01-06,0.631848
2015-01-07,0.663373
2015-01-08,0.630795
2015-01-09,0.628355
2015-01-10,0.56539
2015-01-11,0.5266069999999999
2015-01-12,0.537363
2015-01-13,0.47088500000000005
2015-01-14,0.400403
2015-01-15,0.455254
2015-01-16,0.45395100000000005
2015-01-17,0.442615
2015-01-18,0.492133
2015-01-19,0.46926599999999996
2015-01-20,0.445853
2015-01-21,0.46283100000000005
2015-01-22,0.471009
2015-01-23,0.46921
2015-01-24,0.5363060000000001
2015-01-25,0.601731
2015-01-26,0.589108
2015-01-27,0.5558890000000001
2015-01-28,0.488252
2015-01-29,0.48923999999999995
2015-01-30,0.480728
2015-01-31,0.470195
2015-02-01,0.48566899999999996
2015-02-02,0.502855
2015-02-03,0.470763
2015-02-04,0.485843
2015-02-05,0.47038599999999997
2015-02-06,0.477892
2015-02-07,0.47618
2015-02-08,0.465686
2015-02-09,0.457279
2015-02-10,0.468156
2015-02-11,0.44963000000000003
2015-02-12,0.45502200000000004
2015-02-13,0.494939
2015-02-14,0.5330189999999999
2015-02-15,0.472691
2015-02-16,0.490997
2015-02-17,0.505041
2015-02-18,0.488622
2015-02-19,0.48801700000000003
2015-02-20,0.497878
2015-02-21,0.498097
2015-02-22,0.46232
2015-02-23,0.460823
2015-02-24,0.48549899999999996
2015-02-25,0.488733
2015-02-26,0.479756
2015-02-27,0.5156350000000001
2015-02-28,0.491464
2015-03-01,0.49744700000000003
2015-03-02,0.5088
2015-03-03,0.504498
2015-03-04,0.489626
2015-03-05,0.49872299999999997
2015-03-06,0.497146
2015-03-07,0.5007050000000001
2015-03-08,0.486263
2015-03-09,0.49959899999999996
2015-03-10,0.502579
2015-03-11,0.504455
2015-03-12,0.502371
2015-03-13,0.49066899999999997
2015-03-14,0.477891
2015-03-15,0.478835
2015-03-16,0.481803
2015-03-17,0.468358
2015-03-18,0.433593
2015-03-19,0.44170299999999996
2015-03-20,0.440092
2015-03-21,0.437742
2015-03-22,0.45368100000000006
2015-03-23,0.433104
2015-03-24,0.417799
2015-03-25,0.42245
2015-03-26,0.41929700000000003
2015-03-27,0.417667
2015-03-28,0.4221
2015-03-29,0.40163499999999996
2015-03-30,0.413476
2015-03-31,0.395201
2015-04-01,0.393941
2015-04-02,0.397943
2015-04-03,0.395273
2015-04-04,0.39805799999999997
2015-04-05,0.392911
2015-04-06,0.364877
2015-04-07,0.357246
2015-04-08,0.339902
2015-04-09,0.342287
2015-04-10,0.332407
2015-04-11,0.32354099999999997
2015-04-12,0.332022
2015-04-13,0.30398400000000003
2015-04-14,0.297469
2015-04-15,0.303668
2015-04-16,0.364186
2015-04-17,0.323843
2015-04-18,0.328469
2015-04-19,0.33238
2015-04-20,0.33111
2015-04-21,0.35065
2015-04-22,0.338266
2015-04-23,0.339931
2015-04-24,0.32964
2015-04-25,0.324561
2015-04-26,0.309975
2015-04-27,0.328264
2015-04-28,0.322393
2015-04-29,0.32148499999999997
2015-04-30,0.334858
2015-05-01,0.319407
2015-05-02,0.312888
2015-05-03,0.31814899999999996
2015-05-04,0.31609299999999996
2015-05-05,0.313371
2015-05-06,0.30899499999999996
2015-05-07,0.31071
2015-05-08,0.323048
2015-05-09,0.311845
2015-05-10,0.311289
2015-05-11,0.307867
2015-05-12,0.311663
2015-05-13,0.311093
2015-05-14,0.313618
2015-05-15,0.308838
2015-05-16,0.306111
2015-05-17,0.308674
2015-05-18,0.30844099999999997
2015-05-19,0.319236
2015-05-20,0.322736
2015-05-21,0.322737
2015-05-22,0.34919
2015-05-23,0.35685700000000004
2015-05-24,0.344441
2015-05-25,0.33970700000000004
2015-05-26,0.337744
2015-05-27,0.34778000000000003
2015-05-28,0.34065300000000004
2015-05-29,0.338994
2015-05-30,0.333115
2015-05-31,0.32663600000000004
2015-06-01,0.307667
2015-06-02,0.308433
2015-06-03,0.318985
2015-06-04,0.309598
2015-06-05,0.30998400000000004
2015-06-06,0.312658
2015-06-07,0.311481
2015-06-08,0.319284
2015-06-09,0.326046
2015-06-10,0.318421
2015-06-11,0.31904899999999997
2015-06-12,0.318654
2015-06-13,0.32102600000000003
2015-06-14,0.33576100000000003
2015-06-15,0.347367
2015-06-16,0.426421
2015-06-17,0.431281
2015-06-18,0.5334369999999999
2015-06-19,0.47556099999999996
2015-06-20,0.505601
2015-06-21,0.481466
2015-06-22,0.504179
2015-06-23,0.5002479999999999
2015-06-24,0.463338
2015-06-25,0.47043
2015-06-26,0.480547
2015-06-27,0.496363
2015-06-28,0.489066
2015-06-29,0.586392
2015-06-30,0.7205739999999999
2015-07-01,0.659115
2015-07-02,0.663212
2015-07-03,0.658792
2015-07-04,0.675979
2015-07-05,0.7311300000000001
2015-07-06,0.731867
2015-07-07,0.6920189999999999
2015-07-08,0.709356
2015-07-09,1.17
2015-07-10,0.7136560000000001
2015-07-11,0.7091729999999999
2015-07-12,0.817991
2015-07-13,0.738264
2015-07-14,0.7394069999999999
2015-07-15,0.696915
2015-07-16,0.602718
2015-07-17,0.59313
2015-07-18,0.620516
2015-07-19,0.605173
2015-07-20,0.609592
2015-07-21,0.603711
2015-07-22,0.610214
2015-07-23,0.594761
2015-07-24,0.658872
2015-07-25,0.635938
2015-07-26,0.642083
2015-07-27,0.646263
2015-07-28,0.701414
2015-07-29,0.668712
2015-07-30,0.631977
2015-07-31,0.625694
2015-08-01,0.610478
2015-08-02,0.607783
2015-08-03,0.604494
2015-08-04,0.625123
2015-08-05,0.607842
2015-08-06,0.5909260000000001
2015-08-07,0.591936
2015-08-08,0.531663
2015-08-09,0.533087
2015-08-10,0.536722
2015-08-11,0.558018
2015-08-12,0.549161
2015-08-13,0.528293
2015-08-14,0.5347810000000001
2015-08-15,0.525705
2015-08-16,0.504907
2015-08-17,0.5025970000000001
2015-08-18,0.373662
2015-08-19,0.396271
2015-08-20,0.419767
2015-08-21,0.417199
2015-08-22,0.412958
2015-08-23,0.390344
2015-08-24,0.356865
2015-08-25,0.35673699999999997
2015-08-26,0.363624
2015-08-27,0.34867
2015-08-28,0.363379
2015-08-29,0.40264099999999997
2015-08-30,0.409139
2015-08-31,0.41147700000000004
2015-09-01,0.39511999999999997
2015-09-02,0.397099
2015-09-03,0.382752
2015-09-04,0.392097
2015-09-05,0.410134
2015-09-06,0.409087
2015-09-07,0.436774
2015-09-08,0.44694700000000004
2015-09-09,0.417761
2015-09-10,0.415008
2015-09-11,0.412459
2015-09-12,0.368616
2015-09-13,0.35891300000000004
2015-09-14,0.3831
2015-09-15,0.37245100000000003
2015-09-16,0.370904
2015-09-17,0.401976
2015-09-18,0.395488
2015-09-19,0.384474
2015-09-20,0.389992
2015-09-21,0.37350700000000003
2015-09-22,0.375112
2015-09-23,0.377769
2015-09-24,0.381963
2015-09-25,0.382562
2015-09-26,0.382471
2015-09-27,0.373291
2015-09-28,0.39110900000000004
2015-09-29,0.387993
2015-09-30,0.37349
2015-10-01,0.376496
2015-10-02,0.367595
2015-10-03,0.369768
2015-10-04,0.370334
2015-10-05,0.36538699999999996
2015-10-06,0.373168
2015-10-07,0.372101
2015-10-08,0.37009899999999996
2015-10-09,0.37253800000000004
2015-10-10,0.37749499999999997
2015-10-11,0.376801
2015-10-12,0.372346
2015-10-13,0.369107
2015-10-14,0.36891
2015-10-15,0.365253
2015-10-16,0.37417399999999995
2015-10-17,0.36315
2015-10-18,0.361313
2015-10-19,0.35839699999999997
2015-10-20,0.364546
2015-10-21,0.352246
2015-10-22,0.360174
2015-10-23,0.354554
2015-10-24,0.34873699999999996
2015-10-25,0.348412
2015-10-26,0.340064
2015-10-27,0.345922
2015-10-28,0.36116
2015-10-29,0.41141700000000003
2015-10-30,0.40910100000000005
2015-10-31,0.385337
2015-11-01,0.393731
2015-11-02,0.46233599999999997
2015-11-03,0.483943
2015-11-04,0.517749
2015-11-05,0.48721899999999996
2015-11-06,0.450693
2015-11-07,0.459696
2015-11-08,0.430233
2015-11-09,0.43441899999999994
2015-11-10,0.389457
2015-11-11,0.379311
2015-11-12,0.406977
2015-11-13,0.397507
2015-11-14,0.392194
2015-11-15,0.381166
2015-11-16,0.407848
2015-11-17,0.402801
2015-11-18,0.402127
2015-11-19,0.396104
2015-11-20,0.385253
2015-11-21,0.387849
2015-11-22,0.382504
2015-11-23,0.388351
2015-11-24,0.380449
2015-11-25,0.445225
2015-11-26,0.47502799999999995
2015-11-27,0.464679
2015-11-28,0.46108299999999997
2015-11-29,0.48493500000000006
2015-11-30,0.47983100000000006
2015-12-01,0.45260100000000003
2015-12-02,0.42341999999999996
2015-12-03,0.428367
2015-12-04,0.43631800000000004
2015-12-05,0.44609399999999994
2015-12-06,0.42085600000000006
2015-12-07,0.434472
2015-12-08,0.449817
2015-12-09,0.452171
2015-12-10,0.45435299999999995
2015-12-11,0.465631
2015-12-12,0.46188599999999996
2015-12-13,0.46278500000000006
2015-12-14,0.45955
2015-12-15,0.46201800000000004
2015-12-16,0.45938500000000004
2015-12-17,0.44117799999999996
2015-12-18,0.496759
2015-12-19,0.512575
2015-12-20,0.44648699999999997
2015-12-21,0.42335900000000004
2015-12-22,0.42418900000000004
2015-12-23,0.430287
2015-12-24,0.44581800000000005
2015-12-25,0.458564
2015-12-26,0.407265
2015-12-27,0.41860699999999995
2015-12-28,0.45794399999999996
2015-12-29,0.43831000000000003
2015-12-30,0.433283
2015-12-31,0.43153400000000003
2016-01-01,0.453751
2016-01-02,0.42002799999999996
2016-01-03,0.45693599999999995
2016-01-04,0.43493699999999996
2016-01-05,0.41148199999999996
2016-01-06,0.408585
2016-01-07,0.43031499999999995
2016-01-08,0.424047
2016-01-09,0.42012200000000005
2016-01-10,0.42528299999999997
2016-01-11,0.432875
2016-01-12,0.43203800000000003
2016-01-13,0.439089
2016-01-14,0.46245200000000003
2016-01-15,0.370546
2016-01-16,0.399704
2016-01-17,0.392714
2016-01-18,0.396095
2016-01-19,0.388908
2016-01-20,0.426075
2016-01-21,0.41284799999999994
2016-01-22,0.387284
2016-01-23,0.390345
2016-01-24,0.40425300000000003
2016-01-25,0.399055
2016-01-26,0.404604
2016-01-27,0.43135500000000004
2016-01-28,0.413179
2016-01-29,0.40720700000000004
2016-01-30,0.401489
2016-01-31,0.397067
2016-02-01,0.401469
2016-02-02,0.397857
2016-02-03,0.394136
2016-02-04,0.41274099999999997
2016-02-05,0.409541
2016-02-06,0.401941
2016-02-07,0.401505
2016-02-08,0.400868
2016-02-09,0.39803499999999997
2016-02-10,0.400505
2016-02-11,0.389167
2016-02-12,0.40177199999999996
2016-02-13,0.413574
2016-02-14,0.425741
2016-02-15,0.409327
2016-02-16,0.409754
2016-02-17,0.41815
2016-02-18,0.41285900000000003
2016-02-19,0.413709
2016-02-20,0.431108
2016-02-21,0.434404
2016-02-22,0.434345
2016-02-23,0.41753500000000004
2016-02-24,0.418336
2016-02-25,0.420944
2016-02-26,0.421324
2016-02-27,0.428059
2016-02-28,0.424252
2016-02-29,0.42013100000000003
2016-03-01,0.42156400000000005
2016-03-02,0.410513
2016-03-03,0.41816099999999995
2016-03-04,0.413076
2016-03-05,0.40114299999999997
2016-03-06,0.421437
2016-03-07,0.47930100000000003
2016-03-08,0.549945
2016-03-09,0.620924
2016-03-10,0.575887
2016-03-11,0.542399
2016-03-12,0.500688
2016-03-13,0.501197
2016-03-14,0.5043300000000001
2016-03-15,0.48497700000000005
2016-03-16,0.476832
2016-03-17,0.47366400000000003
2016-03-18,0.45018100000000005
2016-03-19,0.44928
2016-03-20,0.444704
2016-03-21,0.43780600000000003
2016-03-22,0.492771
2016-03-23,0.498331
2016-03-24,0.48063199999999995
2016-03-25,0.473138
2016-03-26,0.46498
2016-03-27,0.474704
2016-03-28,0.465322
2016-03-29,0.449855
2016-03-30,0.452338
2016-03-31,0.45241899999999996
2016-04-01,0.44440799999999997
2016-04-02,0.449146
2016-04-03,0.44887
2016-04-04,0.44718199999999997
2016-04-05,0.447895
2016-04-06,0.44688900000000004
2016-04-07,0.440605
2016-04-08,0.440237
2016-04-09,0.4311
2016-04-10,0.42705
2016-04-11,0.425562
2016-04-12,0.423674
2016-04-13,0.42085900000000004
2016-04-14,0.417864
2016-04-15,0.42974399999999996
2016-04-16,0.43988299999999997
2016-04-17,0.43044099999999996
2016-04-18,0.42408999999999997
2016-04-19,0.43894099999999997
2016-04-20,0.43159
2016-04-21,0.42649899999999996
2016-04-22,0.425558
2016-04-23,0.423871
2016-04-24,0.45399399999999995
2016-04-25,0.46606899999999996
2016-04-26,0.463341
2016-04-27,0.44823100000000005
2016-04-28,0.44895100000000004
2016-04-29,0.449113
2016-04-30,0.428997
2016-05-01,0.42618999999999996
2016-05-02,0.425054
2016-05-03,0.424129
2016-05-04,0.41935600000000006
2016-05-05,0.419796
2016-05-06,0.434064
2016-05-07,0.43237200000000003
2016-05-08,0.440673
2016-05-09,0.447484
2016-05-10,0.428043
2016-05-11,0.41297700000000004
2016-05-12,0.42456499999999997
2016-05-13,0.422019
2016-05-14,0.419914
2016-05-15,0.42458500000000005
2016-05-16,0.42399
2016-05-17,0.37109899999999996
2016-05-18,0.386803
2016-05-19,0.34922800000000004
2016-05-20,0.353283
2016-05-21,0.353087
2016-05-22,0.357025
2016-05-23,0.359906
2016-05-24,0.355779
2016-05-25,0.35347399999999995
2016-05-26,0.346923
2016-05-27,0.360774
2016-05-28,0.362833
2016-05-29,0.361888
2016-05-30,0.360676
2016-05-31,0.35183200000000003
2016-06-01,0.356375
2016-06-02,0.350642
2016-06-03,0.360799
2016-06-04,0.36324
2016-06-05,0.359324
2016-06-06,0.386875
2016-06-07,0.367962
2016-06-08,0.380682
2016-06-09,0.37015
2016-06-10,0.371076
2016-06-11,0.374835
2016-06-12,0.381868
2016-06-13,0.397727
2016-06-14,0.377449
2016-06-15,0.379452
2016-06-16,0.40429299999999996
2016-06-17,0.387261
2016-06-18,0.44883900000000004
2016-06-19,0.46581300000000003
2016-06-20,0.419
2016-06-21,0.408143
2016-06-22,0.35819
2016-06-23,0.369593
2016-06-24,0.374456
2016-06-25,0.374233
2016-06-26,0.369949
2016-06-27,0.37768
2016-06-28,0.397448
2016-06-29,0.38412399999999997
2016-06-30,0.398187
2016-07-01,0.399539
2016-07-02,0.41278400000000004
2016-07-03,0.390813
2016-07-04,0.398988
2016-07-05,0.38776
2016-07-06,0.383294
2016-07-07,0.36740700000000004
2016-07-08,0.380392
2016-07-09,0.370115
2016-07-10,0.37304299999999996
2016-07-11,0.372629
2016-07-12,0.379585
2016-07-13,0.381329
2016-07-14,0.377833
2016-07-15,0.376717
2016-07-16,0.38038
2016-07-17,0.395974
2016-07-18,0.409095
2016-07-19,0.388996
2016-07-20,0.386243
2016-07-21,0.390702
2016-07-22,0.379523
2016-07-23,0.383902
2016-07-24,0.378335
2016-07-25,0.372434
2016-07-26,0.3694
2016-07-27,0.36228699999999997
2016-07-28,0.36375100000000005
2016-07-29,0.368406
2016-07-30,0.364583
2016-07-31,0.357156
2016-08-01,0.347132
2016-08-02,0.315353
2016-08-03,0.318608
2016-08-04,0.31924600000000003
2016-08-05,0.322653
2016-08-06,0.330485
2016-08-07,0.328322
2016-08-08,0.32366999999999996
2016-08-09,0.32278
2016-08-10,0.329404
2016-08-11,0.326257
2016-08-12,0.321183
2016-08-13,0.315456
2016-08-14,0.319056
2016-08-15,0.301505
2016-08-16,0.29895
2016-08-17,0.297293
2016-08-18,0.29482800000000003
2016-08-19,0.30089
2016-08-20,0.298975
2016-08-21,0.27975700000000003
2016-08-22,0.286408
2016-08-23,0.279859
2016-08-24,0.284355
2016-08-25,0.297269
2016-08-26,0.29115100000000005
2016-08-27,0.28534499999999996
2016-08-28,0.29249400000000003
2016-08-29,0.293294
2016-08-30,0.30004400000000003
2016-08-31,0.298923
2016-09-01,0.288265
2016-09-02,0.288223
2016-09-03,0.285641
2016-09-04,0.29203
2016-09-05,0.296022
2016-09-06,0.287055
2016-09-07,0.298173
2016-09-08,0.293119
2016-09-09,0.301001
2016-09-10,0.312589
2016-09-11,0.31248000000000004
2016-09-12,0.316409
2016-09-13,0.3107
2016-09-14,0.307248
2016-09-15,0.30847600000000003
2016-09-16,0.30786399999999997
2016-09-17,0.30254200000000003
2016-09-18,0.304189
2016-09-19,0.300658
2016-09-20,0.315811
2016-09-21,0.313512
2016-09-22,0.30143200000000003
2016-09-23,0.305171
2016-09-24,0.306557
2016-09-25,0.303471
2016-09-26,0.302873
2016-09-27,0.301062
2016-09-28,0.300577
2016-09-29,0.29551
2016-09-30,0.296692
2016-10-01,0.291723
2016-10-02,0.290209
2016-10-03,0.29884299999999997
2016-10-04,0.298948
2016-10-05,0.298228
2016-10-06,0.294336
2016-10-07,0.28881399999999996
2016-10-08,0.28952
2016-10-09,0.285118
2016-10-10,0.290905
2016-10-11,0.283006
2016-10-12,0.273812
2016-10-13,0.280624
2016-10-14,0.279686
2016-10-15,0.272945
2016-10-16,0.274335
2016-10-17,0.26618800000000004
2016-10-18,0.258159
2016-10-19,0.259681
2016-10-20,0.257318
2016-10-21,0.257448
2016-10-22,0.26860700000000004
2016-10-23,0.26519299999999996
2016-10-24,0.264455
2016-10-25,0.259567
2016-10-26,0.25762399999999996
2016-10-27,0.256343
2016-10-28,0.248955
2016-10-29,0.252918
2016-10-30,0.247156
2016-10-31,0.233285
2016-11-01,0.229021
2016-11-02,0.22664299999999998
2016-11-03,0.241774
2016-11-04,0.24123200000000003
2016-11-05,0.251967
2016-11-06,0.249558
2016-11-07,0.256617
2016-11-08,0.244418
2016-11-09,0.232275
2016-11-10,0.22901
2016-11-11,0.22278699999999999
2016-11-12,0.209817
2016-11-13,0.235929
2016-11-14,0.224954
2016-11-15,0.228027
2016-11-16,0.22489699999999999
2016-11-17,0.22459899999999997
2016-11-18,0.22759400000000002
2016-11-19,0.22418400000000002
2016-11-20,0.218719
2016-11-21,0.215775
2016-11-22,0.219205
2016-11-23,0.216232
2016-11-24,0.21776700000000002
2016-11-25,0.212687
2016-11-26,0.20804099999999998
2016-11-27,0.204683
2016-11-28,0.20398
2016-11-29,0.195995
2016-11-30,0.194913
2016-12-01,0.183303
2016-12-02,0.171077
2016-12-03,0.208286
2016-12-04,0.21296500000000002
2016-12-05,0.18654
2016-12-06,0.19172
2016-12-07,0.191181
2016-12-08,0.191024
2016-12-09,0.188151
2016-12-10,0.189689
2016-12-11,0.189853
2016-12-12,0.193578
2016-12-13,0.194955
2016-12-14,0.18851099999999998
2016-12-15,0.178963
2016-12-16,0.171888
2016-12-17,0.171376
2016-12-18,0.180606
2016-12-19,0.174119
2016-12-20,0.16943
2016-12-21,0.174027
2016-12-22,0.180309
2016-12-23,0.24582600000000002
2016-12-24,0.233021
2016-12-25,0.225935
2016-12-26,0.21818800000000002
2016-12-27,0.228244
2016-12-28,0.230253
2016-12-29,0.242195
2016-12-30,0.237815
2016-12-31,0.231654
2017-01-01,0.244493
2017-01-02,0.24941999999999998
2017-01-03,0.25200300000000003
2017-01-04,0.27879899999999996
2017-01-05,0.24512199999999998
2017-01-06,0.222556
2017-01-07,0.22420900000000002
2017-01-08,0.226187
2017-01-09,0.225327
2017-01-10,0.22515100000000002
2017-01-11,0.20600500000000002
2017-01-12,0.212065
2017-01-13,0.217716
2017-01-14,0.208371
2017-01-15,0.213907
2017-01-16,0.22504699999999997
2017-01-17,0.235746
2017-01-18,0.22526500000000002
2017-01-19,0.234044
2017-01-20,0.234526
2017-01-21,0.23374
2017-01-22,0.230384
2017-01-23,0.22851
2017-01-24,0.21564699999999998
2017-01-25,0.22035300000000002
2017-01-26,0.218865
2017-01-27,0.21804400000000002
2017-01-28,0.21096700000000002
2017-01-29,0.216984
2017-01-30,0.222111
2017-01-31,0.23203800000000002
2017-02-01,0.237906
2017-02-02,0.250789
2017-02-03,0.24866300000000002
2017-02-04,0.257544
2017-02-05,0.253844
2017-02-06,0.259021
2017-02-07,0.260079
2017-02-08,0.256275
2017-02-09,0.23737399999999997
2017-02-10,0.244162
2017-02-11,0.24145100000000003
2017-02-12,0.241767
2017-02-13,0.23794
2017-02-14,0.238722
2017-02-15,0.232702
2017-02-16,0.241837
2017-02-17,0.24029499999999998
2017-02-18,0.25954
2017-02-19,0.251513
2017-02-20,0.261996
2017-02-21,0.265544
2017-02-22,0.26595599999999997
2017-02-23,0.278063
2017-02-24,0.272943
2017-02-25,0.263992
2017-02-26,0.263947
2017-02-27,0.260513
2017-02-28,0.251343
2017-03-01,0.250077
2017-03-02,0.312573
2017-03-03,0.295933
2017-03-04,0.296041
2017-03-05,0.334012
2017-03-06,0.398662
2017-03-07,0.348166
2017-03-08,0.32105900000000004
2017-03-09,0.31888099999999997
2017-03-10,0.311688
2017-03-11,0.308384
2017-03-12,0.39958699999999997
2017-03-13,0.809157
2017-03-14,0.816847
2017-03-15,0.834992
2017-03-16,0.83449
2017-03-17,0.715867
2017-03-18,0.524994
2017-03-19,0.637904
2017-03-20,0.646894
2017-03-21,0.6547850000000001
2017-03-22,0.5987640000000001
2017-03-23,0.595546
2017-03-24,0.5201859999999999
2017-03-25,0.523493
2017-03-26,0.5150279999999999
2017-03-27,0.563967
2017-03-28,0.6025510000000001
2017-03-29,0.598928
2017-03-30,0.698538
2017-03-31,0.679638
2017-04-01,0.64261
2017-04-02,0.8391629999999999
2017-04-03,0.707336
2017-04-04,0.712555
2017-04-05,0.80391
2017-04-06,0.76367
2017-04-07,0.737003
2017-04-08,0.794867
2017-04-09,0.772658
2017-04-10,0.8369979999999999
2017-04-11,0.807575
2017-04-12,0.8356889999999999
2017-04-13,0.8105829999999999
2017-04-14,0.8249620000000001
2017-04-15,0.818445
2017-04-16,0.820649
2017-04-17,0.819483
2017-04-18,0.785886
2017-04-19,0.774329
2017-04-20,0.758599
2017-04-21,0.776964
2017-04-22,0.799941
2017-04-23,0.855248
2017-04-24,0.8450979999999999
2017-04-25,0.9415209999999999
2017-04-26,1.19
2017-04-27,1.15
2017-04-28,1.19
2017-04-29,1.18
2017-04-30,1.18
2017-05-01,1.21
2017-05-02,1.25
2017-05-03,1.42
2017-05-04,1.88
2017-05-05,1.97
2017-05-06,2.09
2017-05-07,2.52
2017-05-08,2.45
2017-05-09,2.49
2017-05-10,2.29
2017-05-11,2.1
2017-05-12,1.87
2017-05-13,1.92
2017-05-14,1.9
2017-05-15,1.71
2017-05-16,1.57
2017-05-17,1.69
2017-05-18,2.38
2017-05-19,2.14
2017-05-20,2.12
2017-05-21,2.14
2017-05-22,1.94
2017-05-23,2.22
2017-05-24,2.22
2017-05-25,1.72
2017-05-26,1.58
2017-05-27,1.32
2017-05-28,1.48
2017-05-29,1.67
2017-05-30,1.55
2017-05-31,1.6
2017-06-01,1.75
2017-06-02,1.81
2017-06-03,1.89
2017-06-04,2.15
2017-06-05,2.19
2017-06-06,2.1
2017-06-07,2.05
2017-06-08,2.19
2017-06-09,2.2
2017-06-10,2.13
2017-06-11,2.21
2017-06-12,1.91
2017-06-13,2.0
2017-06-14,1.94
2017-06-15,1.89
2017-06-16,1.94
2017-06-17,2.24
2017-06-18,2.17
2017-06-19,2.26
2017-06-20,2.51
2017-06-21,2.24
2017-06-22,3.09
2017-06-23,3.65
2017-06-24,3.17
2017-06-25,3.09
2017-06-26,2.41
2017-06-27,2.64
2017-06-28,2.74
2017-06-29,2.61
2017-06-30,2.41
2017-07-01,2.37
2017-07-02,2.53
2017-07-03,2.59
2017-07-04,2.95
2017-07-05,2.81
2017-07-06,2.79
2017-07-07,2.51
2017-07-08,2.71
2017-07-09,2.55
2017-07-10,2.4
2017-07-11,2.11
2017-07-12,2.24
2017-07-13,2.1
2017-07-14,1.91
2017-07-15,1.69
2017-07-16,1.71
2017-07-17,1.92
2017-07-18,2.07
2017-07-19,1.89
2017-07-20,2.19
2017-07-21,2.13
2017-07-22,2.25
2017-07-23,2.15
2017-07-24,2.15
2017-07-25,1.94
2017-07-26,1.79
2017-07-27,1.78
2017-07-28,1.96
2017-07-29,1.77
2017-07-30,1.68
2017-07-31,1.66
2017-08-01,1.67
2017-08-02,1.86
2017-08-03,1.82
2017-08-04,1.82
2017-08-05,1.94
2017-08-06,2.04
2017-08-07,2.06
2017-08-08,2.05
2017-08-09,1.98
2017-08-10,1.96
2017-08-11,1.89
2017-08-12,1.74
2017-08-13,1.87
2017-08-14,1.71
2017-08-15,1.8
2017-08-16,1.76
2017-08-17,1.77
2017-08-18,1.7
2017-08-19,1.69
2017-08-20,1.7
2017-08-21,1.98
2017-08-22,1.83
2017-08-23,1.86
2017-08-24,1.9
2017-08-25,1.87
2017-08-26,2.33
2017-08-27,2.17
2017-08-28,2.1
2017-08-29,2.1
2017-08-30,1.92
2017-08-31,2.08
2017-09-01,2.15
2017-09-02,1.98
2017-09-03,2.0
2017-09-04,1.67
2017-09-05,1.8
2017-09-06,1.85
2017-09-07,1.88
2017-09-08,1.57
2017-09-09,1.67
2017-09-10,1.58
2017-09-11,1.55
2017-09-12,1.5
2017-09-13,1.43
2017-09-14,0.9025569999999999
2017-09-15,1.13
2017-09-16,1.23
2017-09-17,1.31
2017-09-18,1.54
2017-09-19,1.47
2017-09-20,1.37
2017-09-21,1.22
2017-09-22,1.34
2017-09-23,1.43
2017-09-24,1.38
2017-09-25,1.4
2017-09-26,1.37
2017-09-27,1.5
2017-09-28,1.44
2017-09-29,1.39
2017-09-30,1.38
2017-10-01,1.39
2017-10-02,1.31
2017-10-03,1.27
2017-10-04,1.24
2017-10-05,1.21
2017-10-06,1.2
2017-10-07,1.37
2017-10-08,1.3
2017-10-09,1.26
2017-10-10,1.2
2017-10-11,1.22
2017-10-12,1.21
2017-10-13,1.19
2017-10-14,1.21
2017-10-15,1.19
2017-10-16,1.18
2017-10-17,1.16
2017-10-18,1.13
2017-10-19,1.18
2017-10-20,1.24
2017-10-21,1.22
2017-10-22,1.23
2017-10-23,1.14
2017-10-24,1.13
2017-10-25,1.12
2017-10-26,1.13
2017-10-27,1.09
2017-10-28,1.08
2017-10-29,1.12
2017-10-30,1.1
2017-10-31,1.13
2017-11-01,1.29
2017-11-02,1.24
2017-11-03,1.24
2017-11-04,1.28
2017-11-05,1.28
2017-11-06,1.28
2017-11-07,1.43
2017-11-08,1.52
2017-11-09,1.62
2017-11-10,1.41
2017-11-11,1.47
2017-11-12,1.36
2017-11-13,1.39
2017-11-14,1.39
2017-11-15,1.48
2017-11-16,1.47
2017-11-17,1.55
2017-11-18,1.6
2017-11-19,1.54
2017-11-20,1.51
2017-11-21,1.47
2017-11-22,1.6
2017-11-23,1.6
2017-11-24,1.67
2017-11-25,1.73
2017-11-26,1.73
2017-11-27,1.94
2017-11-28,2.03
2017-11-29,2.39
2017-11-30,2.34
2017-12-01,2.45
2017-12-02,2.39
2017-12-03,2.3
2017-12-04,2.38
2017-12-05,2.91
2017-12-06,2.5
2017-12-07,2.82
2017-12-08,2.91
2017-12-09,2.86
2017-12-10,2.66
2017-12-11,2.89
2017-12-12,3.04
2017-12-13,3.48
2017-12-14,3.94
2017-12-15,3.83
2017-12-16,4.43
2017-12-17,4.46
2017-12-18,4.96
2017-12-19,4.4
2017-12-20,4.21
2017-12-21,4.16
2017-12-22,3.25
2017-12-23,3.58
2017-12-24,3.45
2017-12-25,4.33
2017-12-26,4.13
2017-12-27,4.24
2017-12-28,4.05
2017-12-29,4.02
2017-12-30,3.85
2017-12-31,3.95
2018-01-01,3.93
2018-01-02,4.44
2018-01-03,4.58
2018-01-04,4.69
2018-01-05,4.86
2018-01-06,5.12
2018-01-07,5.68
2018-01-08,5.71
2018-01-09,5.65
2018-01-10,5.53
2018-01-11,5.08
2018-01-12,6.47
2018-01-13,7.33
2018-01-14,6.88
2018-01-15,6.18
2018-01-16,4.36
2018-01-17,4.12
2018-01-18,4.53
2018-01-19,4.58
2018-01-20,4.8
2018-01-21,4.3
2018-01-22,3.78
2018-01-23,3.88
2018-01-24,4.04
2018-01-25,3.88
2018-01-26,3.82
2018-01-27,3.94
2018-01-28,3.96
2018-01-29,3.9
2018-01-30,3.51
2018-01-31,3.47
2018-02-01,3.11
2018-02-02,2.87
2018-02-03,3.03
2018-02-04,2.69
2018-02-05,2.08
2018-02-06,2.27
2018-02-07,2.28
2018-02-08,2.38
2018-02-09,2.53
2018-02-10,2.49
2018-02-11,2.31
2018-02-12,2.6
2018-02-13,2.53
2018-02-14,2.79
2018-02-15,3.04
2018-02-16,3.01
2018-02-17,3.27
2018-02-18,3.12
2018-02-19,3.12
2018-02-20,3.03
2018-02-21,2.79
2018-02-22,2.54
2018-02-23,2.64
2018-02-24,2.53
2018-02-25,2.54
2018-02-26,2.6
2018-02-27,2.67
2018-02-28,2.53
2018-03-01,2.62
2018-03-02,2.62
2018-03-03,2.68
2018-03-04,2.67
2018-03-05,2.63
2018-03-06,2.21
2018-03-07,2.05
2018-03-08,1.94
2018-03-09,2.0
2018-03-10,1.89
2018-03-11,2.02
2018-03-12,1.96
2018-03-13,1.92
2018-03-14,1.7
2018-03-15,1.66
2018-03-16,1.74
2018-03-17,1.58
2018-03-18,1.58
2018-03-19,1.71
2018-03-20,1.77
2018-03-21,1.79
2018-03-22,1.74
2018-03-23,1.74
2018-03-24,1.74
2018-03-25,1.83
2018-03-26,1.68
2018-03-27,1.6
2018-03-28,1.61
2018-03-29,1.45
2018-03-30,1.4
2018-03-31,1.45
2018-04-01,1.46
2018-04-02,1.47
2018-04-03,1.62
2018-04-04,1.49
2018-04-05,1.49
2018-04-06,1.41
2018-04-07,1.48
2018-04-08,1.6
2018-04-09,1.52
2018-04-10,1.49
2018-04-11,1.52
2018-04-12,1.7
2018-04-13,1.72
2018-04-14,1.67
2018-04-15,1.73
2018-04-16,1.71
2018-04-17,1.68
2018-04-18,1.71
2018-04-19,1.8
2018-04-20,1.97
2018-04-21,1.84
2018-04-22,1.86
2018-04-23,1.9
2018-04-24,2.1
2018-04-25,1.85
2018-04-26,1.93
2018-04-27,1.91
2018-04-28,1.97
2018-04-29,2.01
2018-04-30,1.77
2018-05-01,1.98
2018-05-02,2.08
2018-05-03,2.34
2018-05-04,2.41
2018-05-05,2.52
2018-05-06,2.52
2018-05-07,2.38
2018-05-08,2.28
2018-05-09,2.35
2018-05-10,2.25
2018-05-11,1.96
2018-05-12,1.97
2018-05-13,2.01
2018-05-14,2.21
2018-05-15,2.09
2018-05-16,2.06
2018-05-17,2.04
2018-05-18,2.06
2018-05-19,2.13
2018-05-20,2.36
2018-05-21,2.16
2018-05-22,2.03
2018-05-23,1.83
2018-05-24,1.79
2018-05-25,1.77
2018-05-26,1.76
2018-05-27,1.66
2018-05-28,1.62
2018-05-29,1.72
2018-05-30,1.76
2018-05-31,1.78
2018-06-01,1.7
2018-06-02,1.72
2018-06-03,1.73
2018-06-04,1.61
2018-06-05,1.68
2018-06-06,1.67
2018-06-07,1.71
2018-06-08,1.81
2018-06-09,1.79
2018-06-10,1.52
2018-06-11,1.53
2018-06-12,1.5
2018-06-13,1.31
2018-06-14,1.47
2018-06-15,1.45
2018-06-16,1.4
2018-06-17,1.36
2018-06-18,1.42
2018-06-19,1.39
2018-06-20,1.45
2018-06-21,1.41
2018-06-22,1.31
2018-06-23,1.27
2018-06-24,1.32
2018-06-25,1.35
2018-06-26,1.31
2018-06-27,1.3
2018-06-28,1.28
2018-06-29,1.25
2018-06-30,1.32
2018-07-01,1.3
2018-07-02,1.35
2018-07-03,1.45
2018-07-04,1.41
2018-07-05,1.46
2018-07-06,1.39
2018-07-07,1.37
2018-07-08,1.43
2018-07-09,1.35
2018-07-10,1.25
2018-07-11,1.31
2018-07-12,1.24
2018-07-13,1.31
2018-07-14,1.43
2018-07-15,1.55
2018-07-16,1.72
2018-07-17,1.49
2018-07-18,1.46
2018-07-19,1.38
2018-07-20,1.29
2018-07-21,1.39
2018-07-22,1.65
2018-07-23,1.82
2018-07-24,1.66
2018-07-25,1.69
2018-07-26,1.81
2018-07-27,1.79
2018-07-28,1.89
2018-07-29,2.11
2018-07-30,2.12
2018-07-31,2.81
2018-08-01,1.83
2018-08-02,1.29
2018-08-03,1.25
2018-08-04,1.51
2018-08-05,1.88
2018-08-06,1.55
2018-08-07,2.04
2018-08-08,1.9
2018-08-09,1.71
2018-08-10,1.48
2018-08-11,2.1
2018-08-12,2.51
2018-08-13,2.63
2018-08-14,2.26
2018-08-15,1.69
2018-08-16,1.69
2018-08-17,1.46
2018-08-18,1.52
2018-08-19,1.24
2018-08-20,1.68
2018-08-21,1.32
2018-08-22,1.38
2018-08-23,1.49
2018-08-24,1.41
2018-08-25,1.25
2018-08-26,1.71
2018-08-27,1.23
2018-08-28,1.97
2018-08-29,1.51
2018-08-30,1.44
2018-08-31,1.44
2018-09-01,2.29
2018-09-02,2.14
2018-09-03,1.78
2018-09-04,1.93
2018-09-05,2.13
2018-09-06,1.68
2018-09-07,1.8
2018-09-08,2.05
2018-09-09,1.85
2018-09-10,2.03
2018-09-11,1.81
2018-09-12,1.39
2018-09-13,1.44
2018-09-14,1.29
2018-09-15,1.02
2018-09-16,1.15
2018-09-17,1.67
2018-09-18,1.31
2018-09-19,1.68
2018-09-20,1.67
2018-09-21,1.42
2018-09-22,1.64
2018-09-23,1.43
2018-09-24,1.04
2018-09-25,1.1
2018-09-26,1.69
2018-09-27,1.15
2018-09-28,1.27
2018-09-29,1.78
2018-09-30,2.06
2018-10-01,1.99
2018-10-02,2.58
2018-10-03,1.94
2018-10-04,1.89
2018-10-05,1.52
2018-10-06,1.39
2018-10-07,2.12
2018-10-08,2.38
2018-10-09,2.61
2018-10-10,1.42
2018-10-11,1.35
2018-10-12,1.81
2018-10-13,0.568599
2018-10-14,0.560488
2018-10-15,0.594337
2018-10-16,0.587757
2018-10-17,0.585519
2018-10-18,0.580281
2018-10-19,0.598078
2018-10-20,0.601924
2018-10-21,0.62552
2018-10-22,0.616541
2018-10-23,0.6013689999999999
2018-10-24,0.598858
2018-10-25,0.590066
2018-10-26,0.59951
2018-10-27,0.599316
2018-10-28,0.5925189999999999
2018-10-29,0.562454
2018-10-30,0.572535
2018-10-31,0.5563140000000001
2018-11-01,0.546545
2018-11-02,0.540952
2018-11-03,0.538934
2018-11-04,0.557108
2018-11-05,0.559882
2018-11-06,0.556124
2018-11-07,0.6035659999999999
2018-11-08,0.6216
2018-11-09,0.603593
2018-11-10,0.595762
2018-11-11,0.602748
2018-11-12,0.566029
2018-11-13,0.561513
2018-11-14,0.491447
2018-11-15,0.502057
2018-11-16,0.48154399999999997
2018-11-17,0.49157799999999996
2018-11-18,0.49449899999999997
2018-11-19,0.42608100000000004
2018-11-20,0.401463
2018-11-21,0.427516
2018-11-22,0.39752600000000005
2018-11-23,0.406447
2018-11-24,0.379161
2018-11-25,0.386202
2018-11-26,0.34284699999999996
2018-11-27,0.353566
2018-11-28,0.387329
2018-11-29,0.40984899999999996
